--Landon Higinbotham
--LCH43
--CS1555

INSERT INTO USER_ROLE (ROLE_ID, ROLE_NAME) VALUES (1,'Organizer');
INSERT INTO USER_ROLE (ROLE_ID, ROLE_NAME) VALUES (2,'Coach');
INSERT INTO USER_ROLE (ROLE_ID, ROLE_NAME) VALUES (3,'Guest');
COMMIT;

INSERT INTO USER_ACCOUNT (USER_ID, USERNAME, PASSKEY, ROLE_ID, LAST_LOGIN) VALUES (USER_ID_SEQ.NEXTVAL,'Carlos Arthur Nuzman','Rio', 1,'21-Aug-2016');
INSERT INTO USER_ACCOUNT (USER_ID, USERNAME, PASSKEY, ROLE_ID, LAST_LOGIN) VALUES (USER_ID_SEQ.NEXTVAL,'Sebastian Coe','London', 1,'12-Aug-2012');
INSERT INTO USER_ACCOUNT (USER_ID, USERNAME, PASSKEY, ROLE_ID, LAST_LOGIN) VALUES (USER_ID_SEQ.NEXTVAL,'Hu Jintao','Beijing', 1,'24-Aug-2008');
INSERT INTO USER_ACCOUNT (USER_ID, USERNAME, PASSKEY, ROLE_ID, LAST_LOGIN) VALUES (USER_ID_SEQ.NEXTVAL,'Gianna Angelopoulos','Athens', 1,'29-Aug-2004');
COMMIT;

INSERT INTO OLYMPICS (OLYMPIC_ID, OLYMPIC_NUM, HOST_CITY, OPENING_DATE, CLOSING_DATE, OFFICIAL_WEBSITE) VALUES (OLYMPIC_ID_SEQ.NEXTVAL,'XXXI','Rio','05-Aug-2016','21-Aug-2016','https://www.olympic.org/rio-2016');
INSERT INTO OLYMPICS (OLYMPIC_ID, OLYMPIC_NUM, HOST_CITY, OPENING_DATE, CLOSING_DATE, OFFICIAL_WEBSITE) VALUES (OLYMPIC_ID_SEQ.NEXTVAL,'XXX','London','27-Jul-2012','12-Aug-2012','https://www.olympic.org/london-2012');
INSERT INTO OLYMPICS (OLYMPIC_ID, OLYMPIC_NUM, HOST_CITY, OPENING_DATE, CLOSING_DATE, OFFICIAL_WEBSITE) VALUES (OLYMPIC_ID_SEQ.NEXTVAL,'XXIX','Beijing','08-Aug-2008','24-Aug-2008','https://www.olympic.org/beijing-2008');
INSERT INTO OLYMPICS (OLYMPIC_ID, OLYMPIC_NUM, HOST_CITY, OPENING_DATE, CLOSING_DATE, OFFICIAL_WEBSITE) VALUES (OLYMPIC_ID_SEQ.NEXTVAL,'XXVIII','Athens','13-Aug-2004','29-Aug-2004','https://www.olympic.org/athens-2004');
COMMIT;

--Inserting Rio Data

INSERT INTO COUNTRY (COUNTRY_ID, COUNTRY, COUNTRY_CODE) VALUES (1,'China','CHN');
INSERT INTO COUNTRY (COUNTRY_ID, COUNTRY, COUNTRY_CODE) VALUES (2,'Belarus','BLR');
INSERT INTO COUNTRY (COUNTRY_ID, COUNTRY, COUNTRY_CODE) VALUES (3,'Republic of Korea','KOR');
INSERT INTO COUNTRY (COUNTRY_ID, COUNTRY, COUNTRY_CODE) VALUES (4,'Germany','GER');
INSERT INTO COUNTRY (COUNTRY_ID, COUNTRY, COUNTRY_CODE) VALUES (5,'Great Britain','GBR');
INSERT INTO COUNTRY (COUNTRY_ID, COUNTRY, COUNTRY_CODE) VALUES (6,'Sweden','SWE');
INSERT INTO COUNTRY (COUNTRY_ID, COUNTRY, COUNTRY_CODE) VALUES (7,'United States','USA');
INSERT INTO COUNTRY (COUNTRY_ID, COUNTRY, COUNTRY_CODE) VALUES (8,'Serbia','SRB');
INSERT INTO COUNTRY (COUNTRY_ID, COUNTRY, COUNTRY_CODE) VALUES (9,'Spain','ESP');
INSERT INTO COUNTRY (COUNTRY_ID, COUNTRY, COUNTRY_CODE) VALUES (10,'Romania','ROU');
INSERT INTO COUNTRY (COUNTRY_ID, COUNTRY, COUNTRY_CODE) VALUES (11,'Japan','JPN');
COMMIT;

INSERT INTO SPORT (SPORT_ID, SPORT_NAME, DESCRIPTION, DOB, TEAM_SIZE) VALUES (SPORT_ID_SEQ.NEXTVAL,'Basketball','shooting a ball through the defenders hoop','07-Aug-1936', 12);
INSERT INTO SPORT (SPORT_ID, SPORT_NAME, DESCRIPTION, DOB, TEAM_SIZE) VALUES (SPORT_ID_SEQ.NEXTVAL,'Tennis Doubles','maneuver a ball So the opponent cannot return a valid play.','09-Apr-1896', 2);
INSERT INTO SPORT (SPORT_ID, SPORT_NAME, DESCRIPTION, DOB, TEAM_SIZE) VALUES (SPORT_ID_SEQ.NEXTVAL,'Table Tennis Team','maneuver a ball across a table in a way the opponent cannot return a valid play.','23-Sep-1988', 2);
INSERT INTO SPORT (SPORT_ID, SPORT_NAME, DESCRIPTION, DOB, TEAM_SIZE) VALUES (SPORT_ID_SEQ.NEXTVAL,'Table Tennis Singles','maneuver a ball across a table in a way the opponent cannot return a valid play.','23-Sep-1988', 1);
INSERT INTO SPORT (SPORT_ID, SPORT_NAME, DESCRIPTION, DOB, TEAM_SIZE) VALUES (SPORT_ID_SEQ.NEXTVAL,'Archery Individiual','compete in bowmanship to see which who is the most accurate.','15-Jul-1900', 1);
INSERT INTO SPORT (SPORT_ID, SPORT_NAME, DESCRIPTION, DOB, TEAM_SIZE) VALUES (SPORT_ID_SEQ.NEXTVAL,'Golf Individual','make the ball the hole in the least amount of strokes.','2-Oct-1900', 1);
COMMIT;

INSERT INTO MEDAL (MEDAL_ID, MEDAL_TITLE, POINTS) VALUES (1, 'Gold', 3);
INSERT INTO MEDAL (MEDAL_ID, MEDAL_TITLE, POINTS) VALUES (2, 'Silver', 2);
INSERT INTO MEDAL (MEDAL_ID, MEDAL_TITLE, POINTS) VALUES (3, 'Bronze', 1);
COMMIT;

INSERT INTO USER_ACCOUNT (USER_ID, USERNAME, PASSKEY, ROLE_ID, LAST_LOGIN) VALUES (USER_ID_SEQ.NEXTVAL,'Long Ma','GUEST', 3,'21-Aug-2016');
INSERT INTO USER_ACCOUNT (USER_ID, USERNAME, PASSKEY, ROLE_ID, LAST_LOGIN) VALUES (USER_ID_SEQ.NEXTVAL,'Jike Zhang','GUEST', 3,'21-Aug-2016');
INSERT INTO USER_ACCOUNT (USER_ID, USERNAME, PASSKEY, ROLE_ID, LAST_LOGIN) VALUES (USER_ID_SEQ.NEXTVAL,'Vladimir Samsonov','GUEST', 3,'21-Aug-2016');
INSERT INTO USER_ACCOUNT (USER_ID, USERNAME, PASSKEY, ROLE_ID, LAST_LOGIN) VALUES (USER_ID_SEQ.NEXTVAL,'Hyejin Chang','GUEST', 3,'21-Aug-2016');
INSERT INTO USER_ACCOUNT (USER_ID, USERNAME, PASSKEY, ROLE_ID, LAST_LOGIN) VALUES (USER_ID_SEQ.NEXTVAL,'Lisa Unruh','GUEST', 3,'21-Aug-2016');
INSERT INTO USER_ACCOUNT (USER_ID, USERNAME, PASSKEY, ROLE_ID, LAST_LOGIN) VALUES (USER_ID_SEQ.NEXTVAL,'Bo Bae Ki','GUEST', 3,'21-Aug-2016');
INSERT INTO USER_ACCOUNT (USER_ID, USERNAME, PASSKEY, ROLE_ID, LAST_LOGIN) VALUES (USER_ID_SEQ.NEXTVAL,'Justin Rose','GUEST', 3,'21-Aug-2016');
INSERT INTO USER_ACCOUNT (USER_ID, USERNAME, PASSKEY, ROLE_ID, LAST_LOGIN) VALUES (USER_ID_SEQ.NEXTVAL,'Henrik Stenson','GUEST', 3,'21-Aug-2016');
INSERT INTO USER_ACCOUNT (USER_ID, USERNAME, PASSKEY, ROLE_ID, LAST_LOGIN) VALUES (USER_ID_SEQ.NEXTVAL,'Matt Kuchar','GUEST', 3,'21-Aug-2016');
INSERT INTO USER_ACCOUNT (USER_ID, USERNAME, PASSKEY, ROLE_ID, LAST_LOGIN) VALUES (USER_ID_SEQ.NEXTVAL,'Carmelo Anthony','GUEST', 3,'21-Aug-2016');
INSERT INTO USER_ACCOUNT (USER_ID, USERNAME, PASSKEY, ROLE_ID, LAST_LOGIN) VALUES (USER_ID_SEQ.NEXTVAL,'Harrison Barnes','GUEST', 3,'21-Aug-2016');
INSERT INTO USER_ACCOUNT (USER_ID, USERNAME, PASSKEY, ROLE_ID, LAST_LOGIN) VALUES (USER_ID_SEQ.NEXTVAL,'Jimmy Butler','GUEST', 3,'21-Aug-2016');
INSERT INTO USER_ACCOUNT (USER_ID, USERNAME, PASSKEY, ROLE_ID, LAST_LOGIN) VALUES (USER_ID_SEQ.NEXTVAL,'DeMarcus Cousins','GUEST', 3,'21-Aug-2016');
INSERT INTO USER_ACCOUNT (USER_ID, USERNAME, PASSKEY, ROLE_ID, LAST_LOGIN) VALUES (USER_ID_SEQ.NEXTVAL,'Demar DeRozan','GUEST', 3,'21-Aug-2016');
INSERT INTO USER_ACCOUNT (USER_ID, USERNAME, PASSKEY, ROLE_ID, LAST_LOGIN) VALUES (USER_ID_SEQ.NEXTVAL,'Kevin Durant','GUEST', 3,'21-Aug-2016');
INSERT INTO USER_ACCOUNT (USER_ID, USERNAME, PASSKEY, ROLE_ID, LAST_LOGIN) VALUES (USER_ID_SEQ.NEXTVAL,'Paul George','GUEST', 3,'21-Aug-2016');
INSERT INTO USER_ACCOUNT (USER_ID, USERNAME, PASSKEY, ROLE_ID, LAST_LOGIN) VALUES (USER_ID_SEQ.NEXTVAL,'Draymond Green','GUEST', 3,'21-Aug-2016');
INSERT INTO USER_ACCOUNT (USER_ID, USERNAME, PASSKEY, ROLE_ID, LAST_LOGIN) VALUES (USER_ID_SEQ.NEXTVAL,'Kyrie Irving','GUEST', 3,'21-Aug-2016');
INSERT INTO USER_ACCOUNT (USER_ID, USERNAME, PASSKEY, ROLE_ID, LAST_LOGIN) VALUES (USER_ID_SEQ.NEXTVAL,'DeAndre Jordan','GUEST', 3,'21-Aug-2016');
INSERT INTO USER_ACCOUNT (USER_ID, USERNAME, PASSKEY, ROLE_ID, LAST_LOGIN) VALUES (USER_ID_SEQ.NEXTVAL,'Kyle Lowry','GUEST', 3,'21-Aug-2016');
INSERT INTO USER_ACCOUNT (USER_ID, USERNAME, PASSKEY, ROLE_ID, LAST_LOGIN) VALUES (USER_ID_SEQ.NEXTVAL,'Klay Thompson','GUEST', 3,'21-Aug-2016');
INSERT INTO USER_ACCOUNT (USER_ID, USERNAME, PASSKEY, ROLE_ID, LAST_LOGIN) VALUES (USER_ID_SEQ.NEXTVAL,'Milos Teodosic','GUEST', 3,'21-Aug-2016');
INSERT INTO USER_ACCOUNT (USER_ID, USERNAME, PASSKEY, ROLE_ID, LAST_LOGIN) VALUES (USER_ID_SEQ.NEXTVAL,'Marko Simonovic','GUEST', 3,'21-Aug-2016');
INSERT INTO USER_ACCOUNT (USER_ID, USERNAME, PASSKEY, ROLE_ID, LAST_LOGIN) VALUES (USER_ID_SEQ.NEXTVAL,'Bogdan Bogdanovic','GUEST', 3,'21-Aug-2016');
INSERT INTO USER_ACCOUNT (USER_ID, USERNAME, PASSKEY, ROLE_ID, LAST_LOGIN) VALUES (USER_ID_SEQ.NEXTVAL,'Stefan Markovic','GUEST', 3,'21-Aug-2016');
INSERT INTO USER_ACCOUNT (USER_ID, USERNAME, PASSKEY, ROLE_ID, LAST_LOGIN) VALUES (USER_ID_SEQ.NEXTVAL,'Nikola Kalinic','GUEST', 3,'21-Aug-2016');
INSERT INTO USER_ACCOUNT (USER_ID, USERNAME, PASSKEY, ROLE_ID, LAST_LOGIN) VALUES (USER_ID_SEQ.NEXTVAL,'Nemanja Nedovic','GUEST', 3,'21-Aug-2016');
INSERT INTO USER_ACCOUNT (USER_ID, USERNAME, PASSKEY, ROLE_ID, LAST_LOGIN) VALUES (USER_ID_SEQ.NEXTVAL,'Stefan Bircevic','GUEST', 3,'21-Aug-2016');
INSERT INTO USER_ACCOUNT (USER_ID, USERNAME, PASSKEY, ROLE_ID, LAST_LOGIN) VALUES (USER_ID_SEQ.NEXTVAL,'Miroslav Raduljica','GUEST', 3,'21-Aug-2016');
INSERT INTO USER_ACCOUNT (USER_ID, USERNAME, PASSKEY, ROLE_ID, LAST_LOGIN) VALUES (USER_ID_SEQ.NEXTVAL,'Nikola Jokic','GUEST', 3,'21-Aug-2016');
INSERT INTO USER_ACCOUNT (USER_ID, USERNAME, PASSKEY, ROLE_ID, LAST_LOGIN) VALUES (USER_ID_SEQ.NEXTVAL,'Vladimir Stimac','GUEST', 3,'21-Aug-2016');
INSERT INTO USER_ACCOUNT (USER_ID, USERNAME, PASSKEY, ROLE_ID, LAST_LOGIN) VALUES (USER_ID_SEQ.NEXTVAL,'Stefan Jovic','GUEST', 3,'21-Aug-2016');
INSERT INTO USER_ACCOUNT (USER_ID, USERNAME, PASSKEY, ROLE_ID, LAST_LOGIN) VALUES (USER_ID_SEQ.NEXTVAL,'Milan Macvan','GUEST', 3,'21-Aug-2016');
INSERT INTO USER_ACCOUNT (USER_ID, USERNAME, PASSKEY, ROLE_ID, LAST_LOGIN) VALUES (USER_ID_SEQ.NEXTVAL,'Pau Gasol','GUEST', 3,'21-Aug-2016');
INSERT INTO USER_ACCOUNT (USER_ID, USERNAME, PASSKEY, ROLE_ID, LAST_LOGIN) VALUES (USER_ID_SEQ.NEXTVAL,'Rudy Fernandez','GUEST', 3,'21-Aug-2016');
INSERT INTO USER_ACCOUNT (USER_ID, USERNAME, PASSKEY, ROLE_ID, LAST_LOGIN) VALUES (USER_ID_SEQ.NEXTVAL,'Sergio Rodriguez','GUEST', 3,'21-Aug-2016');
INSERT INTO USER_ACCOUNT (USER_ID, USERNAME, PASSKEY, ROLE_ID, LAST_LOGIN) VALUES (USER_ID_SEQ.NEXTVAL,'Juan Carlos Navarro','GUEST', 3,'21-Aug-2016');
INSERT INTO USER_ACCOUNT (USER_ID, USERNAME, PASSKEY, ROLE_ID, LAST_LOGIN) VALUES (USER_ID_SEQ.NEXTVAL,'Jose Manuel Calderon','GUEST', 3,'21-Aug-2016');
INSERT INTO USER_ACCOUNT (USER_ID, USERNAME, PASSKEY, ROLE_ID, LAST_LOGIN) VALUES (USER_ID_SEQ.NEXTVAL,'Felipe Reyes','GUEST', 3,'21-Aug-2016');
INSERT INTO USER_ACCOUNT (USER_ID, USERNAME, PASSKEY, ROLE_ID, LAST_LOGIN) VALUES (USER_ID_SEQ.NEXTVAL,'Victor Claver','GUEST', 3,'21-Aug-2016');
INSERT INTO USER_ACCOUNT (USER_ID, USERNAME, PASSKEY, ROLE_ID, LAST_LOGIN) VALUES (USER_ID_SEQ.NEXTVAL,'Willy Hernangomez','GUEST', 3,'21-Aug-2016');
INSERT INTO USER_ACCOUNT (USER_ID, USERNAME, PASSKEY, ROLE_ID, LAST_LOGIN) VALUES (USER_ID_SEQ.NEXTVAL,'Alex Abrines','GUEST', 3,'21-Aug-2016');
INSERT INTO USER_ACCOUNT (USER_ID, USERNAME, PASSKEY, ROLE_ID, LAST_LOGIN) VALUES (USER_ID_SEQ.NEXTVAL,'Sergio Llull','GUEST', 3,'21-Aug-2016');
INSERT INTO USER_ACCOUNT (USER_ID, USERNAME, PASSKEY, ROLE_ID, LAST_LOGIN) VALUES (USER_ID_SEQ.NEXTVAL,'Nikola Mirotic','GUEST', 3,'21-Aug-2016');
INSERT INTO USER_ACCOUNT (USER_ID, USERNAME, PASSKEY, ROLE_ID, LAST_LOGIN) VALUES (USER_ID_SEQ.NEXTVAL,'Ricky Rubio','GUEST', 3,'21-Aug-2016');
INSERT INTO USER_ACCOUNT (USER_ID, USERNAME, PASSKEY, ROLE_ID, LAST_LOGIN) VALUES (USER_ID_SEQ.NEXTVAL,'Marc Lopez','GUEST', 3,'21-Aug-2016');
INSERT INTO USER_ACCOUNT (USER_ID, USERNAME, PASSKEY, ROLE_ID, LAST_LOGIN) VALUES (USER_ID_SEQ.NEXTVAL,'Rafael Nadal','GUEST', 3,'21-Aug-2016');
INSERT INTO USER_ACCOUNT (USER_ID, USERNAME, PASSKEY, ROLE_ID, LAST_LOGIN) VALUES (USER_ID_SEQ.NEXTVAL,'Florin Mergea','GUEST', 3,'21-Aug-2016');
INSERT INTO USER_ACCOUNT (USER_ID, USERNAME, PASSKEY, ROLE_ID, LAST_LOGIN) VALUES (USER_ID_SEQ.NEXTVAL,'Horia Tecau','GUEST', 3,'21-Aug-2016');
INSERT INTO USER_ACCOUNT (USER_ID, USERNAME, PASSKEY, ROLE_ID, LAST_LOGIN) VALUES (USER_ID_SEQ.NEXTVAL,'Steve Johnson','GUEST', 3,'21-Aug-2016');
INSERT INTO USER_ACCOUNT (USER_ID, USERNAME, PASSKEY, ROLE_ID, LAST_LOGIN) VALUES (USER_ID_SEQ.NEXTVAL,'Jack Sock','GUEST', 3,'21-Aug-2016');
INSERT INTO USER_ACCOUNT (USER_ID, USERNAME, PASSKEY, ROLE_ID, LAST_LOGIN) VALUES (USER_ID_SEQ.NEXTVAL,'Liu Shiwen','GUEST', 3,'21-Aug-2016');
INSERT INTO USER_ACCOUNT (USER_ID, USERNAME, PASSKEY, ROLE_ID, LAST_LOGIN) VALUES (USER_ID_SEQ.NEXTVAL,'Ding Ning','GUEST', 3,'21-Aug-2016');
INSERT INTO USER_ACCOUNT (USER_ID, USERNAME, PASSKEY, ROLE_ID, LAST_LOGIN) VALUES (USER_ID_SEQ.NEXTVAL,'Li Xiaoxia','GUEST', 3,'21-Aug-2016');
INSERT INTO USER_ACCOUNT (USER_ID, USERNAME, PASSKEY, ROLE_ID, LAST_LOGIN) VALUES (USER_ID_SEQ.NEXTVAL,'Han Ying','GUEST', 3,'21-Aug-2016');
INSERT INTO USER_ACCOUNT (USER_ID, USERNAME, PASSKEY, ROLE_ID, LAST_LOGIN) VALUES (USER_ID_SEQ.NEXTVAL,'Petrissa Solja','GUEST', 3,'21-Aug-2016');
INSERT INTO USER_ACCOUNT (USER_ID, USERNAME, PASSKEY, ROLE_ID, LAST_LOGIN) VALUES (USER_ID_SEQ.NEXTVAL,'Shan Xiaona','GUEST', 3,'21-Aug-2016');
INSERT INTO USER_ACCOUNT (USER_ID, USERNAME, PASSKEY, ROLE_ID, LAST_LOGIN) VALUES (USER_ID_SEQ.NEXTVAL,'Kasumi Ishikawa','GUEST', 3,'21-Aug-2016');
INSERT INTO USER_ACCOUNT (USER_ID, USERNAME, PASSKEY, ROLE_ID, LAST_LOGIN) VALUES (USER_ID_SEQ.NEXTVAL,'Ai Fukuhara','GUEST', 3,'21-Aug-2016');
INSERT INTO USER_ACCOUNT (USER_ID, USERNAME, PASSKEY, ROLE_ID, LAST_LOGIN) VALUES (USER_ID_SEQ.NEXTVAL,'Mima Ito','GUEST', 3,'21-Aug-2016');
INSERT INTO USER_ACCOUNT (USER_ID, USERNAME, PASSKEY, ROLE_ID, LAST_LOGIN) VALUES (USER_ID_SEQ.NEXTVAL,'Liu Guoliang','LG', 2,'21-Aug-2016');
INSERT INTO USER_ACCOUNT (USER_ID, USERNAME, PASSKEY, ROLE_ID, LAST_LOGIN) VALUES (USER_ID_SEQ.NEXTVAL,'Alexandre Petkevich','AP', 2,'21-Aug-2016');
INSERT INTO USER_ACCOUNT (USER_ID, USERNAME, PASSKEY, ROLE_ID, LAST_LOGIN) VALUES (USER_ID_SEQ.NEXTVAL,'Park Chae-soon','PC', 2,'21-Aug-2016');
INSERT INTO USER_ACCOUNT (USER_ID, USERNAME, PASSKEY, ROLE_ID, LAST_LOGIN) VALUES (USER_ID_SEQ.NEXTVAL,'Viktor Bachmann','VB', 2,'21-Aug-2016');
INSERT INTO USER_ACCOUNT (USER_ID, USERNAME, PASSKEY, ROLE_ID, LAST_LOGIN) VALUES (USER_ID_SEQ.NEXTVAL,'Sean Foley','SF', 2,'21-Aug-2016');
INSERT INTO USER_ACCOUNT (USER_ID, USERNAME, PASSKEY, ROLE_ID, LAST_LOGIN) VALUES (USER_ID_SEQ.NEXTVAL,'Pete Cowen','PC', 2,'21-Aug-2016');
INSERT INTO USER_ACCOUNT (USER_ID, USERNAME, PASSKEY, ROLE_ID, LAST_LOGIN) VALUES (USER_ID_SEQ.NEXTVAL,'Chris OConnel','CO', 2,'21-Aug-2016');
INSERT INTO USER_ACCOUNT (USER_ID, USERNAME, PASSKEY, ROLE_ID, LAST_LOGIN) VALUES (USER_ID_SEQ.NEXTVAL,'Mike Krzyzewski','MK', 2,'21-Aug-2016');
INSERT INTO USER_ACCOUNT (USER_ID, USERNAME, PASSKEY, ROLE_ID, LAST_LOGIN) VALUES (USER_ID_SEQ.NEXTVAL,'Aleksandar Dordevic','AD', 2,'21-Aug-2016');
INSERT INTO USER_ACCOUNT (USER_ID, USERNAME, PASSKEY, ROLE_ID, LAST_LOGIN) VALUES (USER_ID_SEQ.NEXTVAL,'Sergio Scariolo','SS', 2,'21-Aug-2016');
INSERT INTO USER_ACCOUNT (USER_ID, USERNAME, PASSKEY, ROLE_ID, LAST_LOGIN) VALUES (USER_ID_SEQ.NEXTVAL,'Carlos Gomez Ferre','CGF', 2,'21-Aug-2016');
INSERT INTO USER_ACCOUNT (USER_ID, USERNAME, PASSKEY, ROLE_ID, LAST_LOGIN) VALUES (USER_ID_SEQ.NEXTVAL,'Alex Pop-Moldovan','APM', 2,'21-Aug-2016');
INSERT INTO USER_ACCOUNT (USER_ID, USERNAME, PASSKEY, ROLE_ID, LAST_LOGIN) VALUES (USER_ID_SEQ.NEXTVAL,'Jay Berger','JB', 2,'21-Aug-2016');
INSERT INTO USER_ACCOUNT (USER_ID, USERNAME, PASSKEY, ROLE_ID, LAST_LOGIN) VALUES (USER_ID_SEQ.NEXTVAL,'Ye Li','YL', 2,'21-Aug-2016');
INSERT INTO USER_ACCOUNT (USER_ID, USERNAME, PASSKEY, ROLE_ID, LAST_LOGIN) VALUES (USER_ID_SEQ.NEXTVAL,'Pavel Solja','PS', 2,'21-Aug-2016');
INSERT INTO USER_ACCOUNT (USER_ID, USERNAME, PASSKEY, ROLE_ID, LAST_LOGIN) VALUES (USER_ID_SEQ.NEXTVAL,'Shigeru Miyamoto','SM', 2,'21-Aug-2016');
COMMIT;

INSERT INTO PARTICIPANT (PARTICIPANT_ID, FNAME, LNAME, NATIONALITY, BIRTH_PLACE, DOB) VALUES (PARTICIPANT_ID_SEQ.NEXTVAL,'Long','Ma' , 'China' , 'China' , '01-Jan-1980');
INSERT INTO PARTICIPANT (PARTICIPANT_ID, FNAME, LNAME, NATIONALITY, BIRTH_PLACE, DOB) VALUES (PARTICIPANT_ID_SEQ.NEXTVAL,'Jike','Zhang' , 'China' , 'China' , '01-Jan-1980');
INSERT INTO PARTICIPANT (PARTICIPANT_ID, FNAME, LNAME, NATIONALITY, BIRTH_PLACE, DOB) VALUES (PARTICIPANT_ID_SEQ.NEXTVAL,'Vladimir','Samsonov' , 'Belarus' , 'Belarus' , '01-Jan-1980');
INSERT INTO PARTICIPANT (PARTICIPANT_ID, FNAME, LNAME, NATIONALITY, BIRTH_PLACE, DOB) VALUES (PARTICIPANT_ID_SEQ.NEXTVAL,'Hyejin','Chang' , 'Republic of Korea' , 'Republic of Korea' , '01-Jan-1980');
INSERT INTO PARTICIPANT (PARTICIPANT_ID, FNAME, LNAME, NATIONALITY, BIRTH_PLACE, DOB) VALUES (PARTICIPANT_ID_SEQ.NEXTVAL,'Lisa','Unruh' , 'Germany' , 'Germany' , '01-Jan-1980');
INSERT INTO PARTICIPANT (PARTICIPANT_ID, FNAME, LNAME, NATIONALITY, BIRTH_PLACE, DOB) VALUES (PARTICIPANT_ID_SEQ.NEXTVAL,'Bo Bae','Ki' , 'Republic of Korea' , 'Republic of Korea' , '01-Jan-1980');
INSERT INTO PARTICIPANT (PARTICIPANT_ID, FNAME, LNAME, NATIONALITY, BIRTH_PLACE, DOB) VALUES (PARTICIPANT_ID_SEQ.NEXTVAL,'Justin','Rose' , 'Great Britain' , 'Great Britain' , '01-Jan-1980');
INSERT INTO PARTICIPANT (PARTICIPANT_ID, FNAME, LNAME, NATIONALITY, BIRTH_PLACE, DOB) VALUES (PARTICIPANT_ID_SEQ.NEXTVAL,'Henrik','Stenson' , 'Sweden' , 'Sweden' , '01-Jan-1980');
INSERT INTO PARTICIPANT (PARTICIPANT_ID, FNAME, LNAME, NATIONALITY, BIRTH_PLACE, DOB) VALUES (PARTICIPANT_ID_SEQ.NEXTVAL,'Matt','Kuchar' , 'United States' , 'United States' , '01-Jan-1980');
INSERT INTO PARTICIPANT (PARTICIPANT_ID, FNAME, LNAME, NATIONALITY, BIRTH_PLACE, DOB) VALUES (PARTICIPANT_ID_SEQ.NEXTVAL,'Carmelo','Anthony' , 'United States' , 'United States' , '01-Jan-1980');
INSERT INTO PARTICIPANT (PARTICIPANT_ID, FNAME, LNAME, NATIONALITY, BIRTH_PLACE, DOB) VALUES (PARTICIPANT_ID_SEQ.NEXTVAL,'Harrison','Barnes' , 'United States' , 'United States' , '01-Jan-1980');
INSERT INTO PARTICIPANT (PARTICIPANT_ID, FNAME, LNAME, NATIONALITY, BIRTH_PLACE, DOB) VALUES (PARTICIPANT_ID_SEQ.NEXTVAL,'Jimmy','Butler' , 'United States' , 'United States' , '01-Jan-1980');
INSERT INTO PARTICIPANT (PARTICIPANT_ID, FNAME, LNAME, NATIONALITY, BIRTH_PLACE, DOB) VALUES (PARTICIPANT_ID_SEQ.NEXTVAL,'DeMarcus','Cousins' , 'United States' , 'United States' , '01-Jan-1980');
INSERT INTO PARTICIPANT (PARTICIPANT_ID, FNAME, LNAME, NATIONALITY, BIRTH_PLACE, DOB) VALUES (PARTICIPANT_ID_SEQ.NEXTVAL,'Demar','DeRozan' , 'United States' , 'United States' , '01-Jan-1980');
INSERT INTO PARTICIPANT (PARTICIPANT_ID, FNAME, LNAME, NATIONALITY, BIRTH_PLACE, DOB) VALUES (PARTICIPANT_ID_SEQ.NEXTVAL,'Kevin','Durant' , 'United States' , 'United States' , '01-Jan-1980');
INSERT INTO PARTICIPANT (PARTICIPANT_ID, FNAME, LNAME, NATIONALITY, BIRTH_PLACE, DOB) VALUES (PARTICIPANT_ID_SEQ.NEXTVAL,'Paul','George' , 'United States' , 'United States' , '01-Jan-1980');
INSERT INTO PARTICIPANT (PARTICIPANT_ID, FNAME, LNAME, NATIONALITY, BIRTH_PLACE, DOB) VALUES (PARTICIPANT_ID_SEQ.NEXTVAL,'Draymond','Green' , 'United States' , 'United States' , '01-Jan-1980');
INSERT INTO PARTICIPANT (PARTICIPANT_ID, FNAME, LNAME, NATIONALITY, BIRTH_PLACE, DOB) VALUES (PARTICIPANT_ID_SEQ.NEXTVAL,'Kyrie','Irving' , 'United States' , 'United States' , '01-Jan-1980');
INSERT INTO PARTICIPANT (PARTICIPANT_ID, FNAME, LNAME, NATIONALITY, BIRTH_PLACE, DOB) VALUES (PARTICIPANT_ID_SEQ.NEXTVAL,'DeAndre','Jordan' , 'United States' , 'United States' , '01-Jan-1980');
INSERT INTO PARTICIPANT (PARTICIPANT_ID, FNAME, LNAME, NATIONALITY, BIRTH_PLACE, DOB) VALUES (PARTICIPANT_ID_SEQ.NEXTVAL,'Kyle','Lowry' , 'United States' , 'United States' , '01-Jan-1980');
INSERT INTO PARTICIPANT (PARTICIPANT_ID, FNAME, LNAME, NATIONALITY, BIRTH_PLACE, DOB) VALUES (PARTICIPANT_ID_SEQ.NEXTVAL,'Klay','Thompson' , 'United States' , 'United States' , '01-Jan-1980');
INSERT INTO PARTICIPANT (PARTICIPANT_ID, FNAME, LNAME, NATIONALITY, BIRTH_PLACE, DOB) VALUES (PARTICIPANT_ID_SEQ.NEXTVAL,'Milos','Teodosic' , 'Serbia' , 'Serbia' , '01-Jan-1980');
INSERT INTO PARTICIPANT (PARTICIPANT_ID, FNAME, LNAME, NATIONALITY, BIRTH_PLACE, DOB) VALUES (PARTICIPANT_ID_SEQ.NEXTVAL,'Marko','Simonovic' , 'Serbia' , 'Serbia' , '01-Jan-1980');
INSERT INTO PARTICIPANT (PARTICIPANT_ID, FNAME, LNAME, NATIONALITY, BIRTH_PLACE, DOB) VALUES (PARTICIPANT_ID_SEQ.NEXTVAL,'Bogdan','Bogdanovic' , 'Serbia' , 'Serbia' , '01-Jan-1980');
INSERT INTO PARTICIPANT (PARTICIPANT_ID, FNAME, LNAME, NATIONALITY, BIRTH_PLACE, DOB) VALUES (PARTICIPANT_ID_SEQ.NEXTVAL,'Stefan','Markovic' , 'Serbia' , 'Serbia' , '01-Jan-1980');
INSERT INTO PARTICIPANT (PARTICIPANT_ID, FNAME, LNAME, NATIONALITY, BIRTH_PLACE, DOB) VALUES (PARTICIPANT_ID_SEQ.NEXTVAL,'Nikola','Kalinic' , 'Serbia' , 'Serbia' , '01-Jan-1980');
INSERT INTO PARTICIPANT (PARTICIPANT_ID, FNAME, LNAME, NATIONALITY, BIRTH_PLACE, DOB) VALUES (PARTICIPANT_ID_SEQ.NEXTVAL,'Nemanja','Nedovic' , 'Serbia' , 'Serbia' , '01-Jan-1980');
INSERT INTO PARTICIPANT (PARTICIPANT_ID, FNAME, LNAME, NATIONALITY, BIRTH_PLACE, DOB) VALUES (PARTICIPANT_ID_SEQ.NEXTVAL,'Stefan','Bircevic' , 'Serbia' , 'Serbia' , '01-Jan-1980');
INSERT INTO PARTICIPANT (PARTICIPANT_ID, FNAME, LNAME, NATIONALITY, BIRTH_PLACE, DOB) VALUES (PARTICIPANT_ID_SEQ.NEXTVAL,'Miroslav','Raduljica' , 'Serbia' , 'Serbia' , '01-Jan-1980');
INSERT INTO PARTICIPANT (PARTICIPANT_ID, FNAME, LNAME, NATIONALITY, BIRTH_PLACE, DOB) VALUES (PARTICIPANT_ID_SEQ.NEXTVAL,'Nikola','Jokic' , 'Serbia' , 'Serbia' , '01-Jan-1980');
INSERT INTO PARTICIPANT (PARTICIPANT_ID, FNAME, LNAME, NATIONALITY, BIRTH_PLACE, DOB) VALUES (PARTICIPANT_ID_SEQ.NEXTVAL,'Vladimir','Stimac' , 'Serbia' , 'Serbia' , '01-Jan-1980');
INSERT INTO PARTICIPANT (PARTICIPANT_ID, FNAME, LNAME, NATIONALITY, BIRTH_PLACE, DOB) VALUES (PARTICIPANT_ID_SEQ.NEXTVAL,'Stefan','Jovic' , 'Serbia' , 'Serbia' , '01-Jan-1980');
INSERT INTO PARTICIPANT (PARTICIPANT_ID, FNAME, LNAME, NATIONALITY, BIRTH_PLACE, DOB) VALUES (PARTICIPANT_ID_SEQ.NEXTVAL,'Milan','Macvan' , 'Serbia' , 'Serbia' , '01-Jan-1980');
INSERT INTO PARTICIPANT (PARTICIPANT_ID, FNAME, LNAME, NATIONALITY, BIRTH_PLACE, DOB) VALUES (PARTICIPANT_ID_SEQ.NEXTVAL,'Pau','Gasol' , 'Spain' , 'Spain' , '01-Jan-1980');
INSERT INTO PARTICIPANT (PARTICIPANT_ID, FNAME, LNAME, NATIONALITY, BIRTH_PLACE, DOB) VALUES (PARTICIPANT_ID_SEQ.NEXTVAL,'Rudy','Fernandez' , 'Spain' , 'Spain' , '01-Jan-1980');
INSERT INTO PARTICIPANT (PARTICIPANT_ID, FNAME, LNAME, NATIONALITY, BIRTH_PLACE, DOB) VALUES (PARTICIPANT_ID_SEQ.NEXTVAL,'Sergio','Rodriguez' , 'Spain' , 'Spain' , '01-Jan-1980');
INSERT INTO PARTICIPANT (PARTICIPANT_ID, FNAME, LNAME, NATIONALITY, BIRTH_PLACE, DOB) VALUES (PARTICIPANT_ID_SEQ.NEXTVAL,'Juan Carlos','Navarro' , 'Spain' , 'Spain' , '01-Jan-1980');
INSERT INTO PARTICIPANT (PARTICIPANT_ID, FNAME, LNAME, NATIONALITY, BIRTH_PLACE, DOB) VALUES (PARTICIPANT_ID_SEQ.NEXTVAL,'Jose Manuel','Calderon' , 'Spain' , 'Spain' , '01-Jan-1980');
INSERT INTO PARTICIPANT (PARTICIPANT_ID, FNAME, LNAME, NATIONALITY, BIRTH_PLACE, DOB) VALUES (PARTICIPANT_ID_SEQ.NEXTVAL,'Felipe','Reyes' , 'Spain' , 'Spain' , '01-Jan-1980');
INSERT INTO PARTICIPANT (PARTICIPANT_ID, FNAME, LNAME, NATIONALITY, BIRTH_PLACE, DOB) VALUES (PARTICIPANT_ID_SEQ.NEXTVAL,'Victor','Claver' , 'Spain' , 'Spain' , '01-Jan-1980');
INSERT INTO PARTICIPANT (PARTICIPANT_ID, FNAME, LNAME, NATIONALITY, BIRTH_PLACE, DOB) VALUES (PARTICIPANT_ID_SEQ.NEXTVAL,'Willy','Hernangomez' , 'Spain' , 'Spain' , '01-Jan-1980');
INSERT INTO PARTICIPANT (PARTICIPANT_ID, FNAME, LNAME, NATIONALITY, BIRTH_PLACE, DOB) VALUES (PARTICIPANT_ID_SEQ.NEXTVAL,'Alex','Abrines' , 'Spain' , 'Spain' , '01-Jan-1980');
INSERT INTO PARTICIPANT (PARTICIPANT_ID, FNAME, LNAME, NATIONALITY, BIRTH_PLACE, DOB) VALUES (PARTICIPANT_ID_SEQ.NEXTVAL,'Sergio','Llull' , 'Spain' , 'Spain' , '01-Jan-1980');
INSERT INTO PARTICIPANT (PARTICIPANT_ID, FNAME, LNAME, NATIONALITY, BIRTH_PLACE, DOB) VALUES (PARTICIPANT_ID_SEQ.NEXTVAL,'Nikola','Mirotic' , 'Spain' , 'Spain' , '01-Jan-1980');
INSERT INTO PARTICIPANT (PARTICIPANT_ID, FNAME, LNAME, NATIONALITY, BIRTH_PLACE, DOB) VALUES (PARTICIPANT_ID_SEQ.NEXTVAL,'Ricky','Rubio' , 'Spain' , 'Spain' , '01-Jan-1980');
INSERT INTO PARTICIPANT (PARTICIPANT_ID, FNAME, LNAME, NATIONALITY, BIRTH_PLACE, DOB) VALUES (PARTICIPANT_ID_SEQ.NEXTVAL,'Marc','Lopez' , 'Spain' , 'Spain' , '01-Jan-1980');
INSERT INTO PARTICIPANT (PARTICIPANT_ID, FNAME, LNAME, NATIONALITY, BIRTH_PLACE, DOB) VALUES (PARTICIPANT_ID_SEQ.NEXTVAL,'Rafael','Nadal' , 'Spain' , 'Spain' , '01-Jan-1980');
INSERT INTO PARTICIPANT (PARTICIPANT_ID, FNAME, LNAME, NATIONALITY, BIRTH_PLACE, DOB) VALUES (PARTICIPANT_ID_SEQ.NEXTVAL,'Florin','Mergea' , 'Romania' , 'Romania' , '01-Jan-1980');
INSERT INTO PARTICIPANT (PARTICIPANT_ID, FNAME, LNAME, NATIONALITY, BIRTH_PLACE, DOB) VALUES (PARTICIPANT_ID_SEQ.NEXTVAL,'Horia','Tecau' , 'Romania' , 'Romania' , '01-Jan-1980');
INSERT INTO PARTICIPANT (PARTICIPANT_ID, FNAME, LNAME, NATIONALITY, BIRTH_PLACE, DOB) VALUES (PARTICIPANT_ID_SEQ.NEXTVAL,'Steve','Johnson' , 'United States' , 'United States' , '01-Jan-1980');
INSERT INTO PARTICIPANT (PARTICIPANT_ID, FNAME, LNAME, NATIONALITY, BIRTH_PLACE, DOB) VALUES (PARTICIPANT_ID_SEQ.NEXTVAL,'Jack','Sock' , 'United States' , 'United States' , '01-Jan-1980');
INSERT INTO PARTICIPANT (PARTICIPANT_ID, FNAME, LNAME, NATIONALITY, BIRTH_PLACE, DOB) VALUES (PARTICIPANT_ID_SEQ.NEXTVAL,'Liu','Shiwen' , 'China' , 'China' , '01-Jan-1980');
INSERT INTO PARTICIPANT (PARTICIPANT_ID, FNAME, LNAME, NATIONALITY, BIRTH_PLACE, DOB) VALUES (PARTICIPANT_ID_SEQ.NEXTVAL,'Ding','Ning' , 'China' , 'China' , '01-Jan-1980');
INSERT INTO PARTICIPANT (PARTICIPANT_ID, FNAME, LNAME, NATIONALITY, BIRTH_PLACE, DOB) VALUES (PARTICIPANT_ID_SEQ.NEXTVAL,'Li','Xiaoxia' , 'China' , 'China' , '01-Jan-1980');
INSERT INTO PARTICIPANT (PARTICIPANT_ID, FNAME, LNAME, NATIONALITY, BIRTH_PLACE, DOB) VALUES (PARTICIPANT_ID_SEQ.NEXTVAL,'Han','Ying' , 'Germany' , 'Germany' , '01-Jan-1980');
INSERT INTO PARTICIPANT (PARTICIPANT_ID, FNAME, LNAME, NATIONALITY, BIRTH_PLACE, DOB) VALUES (PARTICIPANT_ID_SEQ.NEXTVAL,'Petrissa','Solja' , 'Germany' , 'Germany' , '01-Jan-1980');
INSERT INTO PARTICIPANT (PARTICIPANT_ID, FNAME, LNAME, NATIONALITY, BIRTH_PLACE, DOB) VALUES (PARTICIPANT_ID_SEQ.NEXTVAL,'Shan','Xiaona' , 'Germany' , 'Germany' , '01-Jan-1980');
INSERT INTO PARTICIPANT (PARTICIPANT_ID, FNAME, LNAME, NATIONALITY, BIRTH_PLACE, DOB) VALUES (PARTICIPANT_ID_SEQ.NEXTVAL,'Kasumi','Ishikawa' , 'Japan' , 'Japan' , '01-Jan-1980');
INSERT INTO PARTICIPANT (PARTICIPANT_ID, FNAME, LNAME, NATIONALITY, BIRTH_PLACE, DOB) VALUES (PARTICIPANT_ID_SEQ.NEXTVAL,'Ai','Fukuhara' , 'Japan' , 'Japan' , '01-Jan-1980');
INSERT INTO PARTICIPANT (PARTICIPANT_ID, FNAME, LNAME, NATIONALITY, BIRTH_PLACE, DOB) VALUES (PARTICIPANT_ID_SEQ.NEXTVAL,'Mima','Ito' , 'Japan' , 'Japan' , '01-Jan-1980');
INSERT INTO PARTICIPANT (PARTICIPANT_ID, FNAME, LNAME, NATIONALITY, BIRTH_PLACE, DOB) VALUES (PARTICIPANT_ID_SEQ.NEXTVAL,'Liu','Guoliang' , 'China' , 'China' , '01-Jan-1980');
INSERT INTO PARTICIPANT (PARTICIPANT_ID, FNAME, LNAME, NATIONALITY, BIRTH_PLACE, DOB) VALUES (PARTICIPANT_ID_SEQ.NEXTVAL,'Alexandre','Petkevich' , 'Belarus' , 'Belarus' , '01-Jan-1980');
INSERT INTO PARTICIPANT (PARTICIPANT_ID, FNAME, LNAME, NATIONALITY, BIRTH_PLACE, DOB) VALUES (PARTICIPANT_ID_SEQ.NEXTVAL,'Park','Chae-soon' , 'Republic of Korea' , 'Republic of Korea' , '01-Jan-1980');
INSERT INTO PARTICIPANT (PARTICIPANT_ID, FNAME, LNAME, NATIONALITY, BIRTH_PLACE, DOB) VALUES (PARTICIPANT_ID_SEQ.NEXTVAL,'Viktor','Bachmann' , 'Germany' , 'Germany' , '01-Jan-1980');
INSERT INTO PARTICIPANT (PARTICIPANT_ID, FNAME, LNAME, NATIONALITY, BIRTH_PLACE, DOB) VALUES (PARTICIPANT_ID_SEQ.NEXTVAL,'Sean','Foley' , 'Great Britain' , 'Great Britain' , '01-Jan-1980');
INSERT INTO PARTICIPANT (PARTICIPANT_ID, FNAME, LNAME, NATIONALITY, BIRTH_PLACE, DOB) VALUES (PARTICIPANT_ID_SEQ.NEXTVAL,'Pete','Cowen' , 'Sweden' , 'Sweden' , '01-Jan-1980');
INSERT INTO PARTICIPANT (PARTICIPANT_ID, FNAME, LNAME, NATIONALITY, BIRTH_PLACE, DOB) VALUES (PARTICIPANT_ID_SEQ.NEXTVAL,'Chris','OConnel' , 'United States' , 'United States' , '01-Jan-1980');
INSERT INTO PARTICIPANT (PARTICIPANT_ID, FNAME, LNAME, NATIONALITY, BIRTH_PLACE, DOB) VALUES (PARTICIPANT_ID_SEQ.NEXTVAL,'Mike','Krzyzewski' , 'United States' , 'United States' , '01-Jan-1980');
INSERT INTO PARTICIPANT (PARTICIPANT_ID, FNAME, LNAME, NATIONALITY, BIRTH_PLACE, DOB) VALUES (PARTICIPANT_ID_SEQ.NEXTVAL,'Aleksandar','Dordevic' , 'Serbia' , 'Serbia' , '01-Jan-1980');
INSERT INTO PARTICIPANT (PARTICIPANT_ID, FNAME, LNAME, NATIONALITY, BIRTH_PLACE, DOB) VALUES (PARTICIPANT_ID_SEQ.NEXTVAL,'Sergio','Scariolo' , 'Spain' , 'Spain' , '01-Jan-1980');
INSERT INTO PARTICIPANT (PARTICIPANT_ID, FNAME, LNAME, NATIONALITY, BIRTH_PLACE, DOB) VALUES (PARTICIPANT_ID_SEQ.NEXTVAL,'Carlos','Gomez Ferre' , 'Spain' , 'Spain' , '01-Jan-1980');
INSERT INTO PARTICIPANT (PARTICIPANT_ID, FNAME, LNAME, NATIONALITY, BIRTH_PLACE, DOB) VALUES (PARTICIPANT_ID_SEQ.NEXTVAL,'Alex','Pop-Moldovan' , 'Romania' , 'Romania' , '01-Jan-1980');
INSERT INTO PARTICIPANT (PARTICIPANT_ID, FNAME, LNAME, NATIONALITY, BIRTH_PLACE, DOB) VALUES (PARTICIPANT_ID_SEQ.NEXTVAL,'Jay','Berger' , 'United States' , 'United States' , '01-Jan-1980');
INSERT INTO PARTICIPANT (PARTICIPANT_ID, FNAME, LNAME, NATIONALITY, BIRTH_PLACE, DOB) VALUES (PARTICIPANT_ID_SEQ.NEXTVAL,'Ye','Li' , 'China' , 'China' , '01-Jan-1980');
INSERT INTO PARTICIPANT (PARTICIPANT_ID, FNAME, LNAME, NATIONALITY, BIRTH_PLACE, DOB) VALUES (PARTICIPANT_ID_SEQ.NEXTVAL,'Pavel','Solja' , 'Germany' , 'Germany' , '01-Jan-1980');
INSERT INTO PARTICIPANT (PARTICIPANT_ID, FNAME, LNAME, NATIONALITY, BIRTH_PLACE, DOB) VALUES (PARTICIPANT_ID_SEQ.NEXTVAL,'Shigeru','Miyamoto' , 'Japan' , 'Japan' , '01-Jan-1980');
COMMIT;

INSERT INTO TEAM (TEAM_ID, OLYMPIC_ID, TEAM_NAME, COUNTRY_ID, SPORT_ID, COACH_ID) VALUES (TEAM_ID_SEQ.NEXTVAL, 1, 'China Table Tennis Singles Men - Ma', 1, 4, 65);
INSERT INTO TEAM (TEAM_ID, OLYMPIC_ID, TEAM_NAME, COUNTRY_ID, SPORT_ID, COACH_ID) VALUES (TEAM_ID_SEQ.NEXTVAL, 1, 'China Table Tennis Singles Men - Zhang', 1, 4, 65);
INSERT INTO TEAM (TEAM_ID, OLYMPIC_ID, TEAM_NAME, COUNTRY_ID, SPORT_ID, COACH_ID) VALUES (TEAM_ID_SEQ.NEXTVAL, 1, 'Belarus Table Tennis Singles Men - Samsonov', 2, 4, 66);
INSERT INTO TEAM (TEAM_ID, OLYMPIC_ID, TEAM_NAME, COUNTRY_ID, SPORT_ID, COACH_ID) VALUES (TEAM_ID_SEQ.NEXTVAL, 1, 'KOR Archery Individiual Women - Chang', 3, 5, 67);
INSERT INTO TEAM (TEAM_ID, OLYMPIC_ID, TEAM_NAME, COUNTRY_ID, SPORT_ID, COACH_ID) VALUES (TEAM_ID_SEQ.NEXTVAL, 1, 'Germany Archery Individiual Women - Unruh', 4, 5, 68);
INSERT INTO TEAM (TEAM_ID, OLYMPIC_ID, TEAM_NAME, COUNTRY_ID, SPORT_ID, COACH_ID) VALUES (TEAM_ID_SEQ.NEXTVAL, 1, 'KOR Archery Individiual Women - Ki', 3, 5, 67);
INSERT INTO TEAM (TEAM_ID, OLYMPIC_ID, TEAM_NAME, COUNTRY_ID, SPORT_ID, COACH_ID) VALUES (TEAM_ID_SEQ.NEXTVAL, 1, 'GBR Golf Individual Men - Rose', 5, 6, 69);
INSERT INTO TEAM (TEAM_ID, OLYMPIC_ID, TEAM_NAME, COUNTRY_ID, SPORT_ID, COACH_ID) VALUES (TEAM_ID_SEQ.NEXTVAL, 1, 'Sweden Golf Individual Men - Stenson', 6, 6, 70);
INSERT INTO TEAM (TEAM_ID, OLYMPIC_ID, TEAM_NAME, COUNTRY_ID, SPORT_ID, COACH_ID) VALUES (TEAM_ID_SEQ.NEXTVAL, 1, 'USA Golf Individual Men - Kuchar', 7, 6, 71);
INSERT INTO TEAM (TEAM_ID, OLYMPIC_ID, TEAM_NAME, COUNTRY_ID, SPORT_ID, COACH_ID) VALUES (TEAM_ID_SEQ.NEXTVAL, 1, 'USA Basketball Men', 7, 1, 72);
INSERT INTO TEAM (TEAM_ID, OLYMPIC_ID, TEAM_NAME, COUNTRY_ID, SPORT_ID, COACH_ID) VALUES (TEAM_ID_SEQ.NEXTVAL, 1, 'Serbia Basketball Men', 8, 1, 73);
INSERT INTO TEAM (TEAM_ID, OLYMPIC_ID, TEAM_NAME, COUNTRY_ID, SPORT_ID, COACH_ID) VALUES (TEAM_ID_SEQ.NEXTVAL, 1, 'Spain Basketball Men', 9, 1, 74);
INSERT INTO TEAM (TEAM_ID, OLYMPIC_ID, TEAM_NAME, COUNTRY_ID, SPORT_ID, COACH_ID) VALUES (TEAM_ID_SEQ.NEXTVAL, 1, 'Spain Tennis Doubles Men', 9, 2, 75);
INSERT INTO TEAM (TEAM_ID, OLYMPIC_ID, TEAM_NAME, COUNTRY_ID, SPORT_ID, COACH_ID) VALUES (TEAM_ID_SEQ.NEXTVAL, 1, 'Romania Tennis Doubles Men', 10, 2, 76);
INSERT INTO TEAM (TEAM_ID, OLYMPIC_ID, TEAM_NAME, COUNTRY_ID, SPORT_ID, COACH_ID) VALUES (TEAM_ID_SEQ.NEXTVAL, 1, 'USA Tennis Doubles Men', 7, 2, 77);
INSERT INTO TEAM (TEAM_ID, OLYMPIC_ID, TEAM_NAME, COUNTRY_ID, SPORT_ID, COACH_ID) VALUES (TEAM_ID_SEQ.NEXTVAL, 1, 'China Table Tennis Team Women', 1, 3, 78);
INSERT INTO TEAM (TEAM_ID, OLYMPIC_ID, TEAM_NAME, COUNTRY_ID, SPORT_ID, COACH_ID) VALUES (TEAM_ID_SEQ.NEXTVAL, 1, 'Germany Table Tennis Team Women', 4, 3, 79);
INSERT INTO TEAM (TEAM_ID, OLYMPIC_ID, TEAM_NAME, COUNTRY_ID, SPORT_ID, COACH_ID) VALUES (TEAM_ID_SEQ.NEXTVAL, 1, 'Japan Table Tennis Team Women', 11, 3, 80);
COMMIT;

INSERT INTO TEAM_MEMBER (TEAM_ID, PARTICIPANT_ID) VALUES (1,1);
INSERT INTO TEAM_MEMBER (TEAM_ID, PARTICIPANT_ID) VALUES (2,2);
INSERT INTO TEAM_MEMBER (TEAM_ID, PARTICIPANT_ID) VALUES (3,3);
INSERT INTO TEAM_MEMBER (TEAM_ID, PARTICIPANT_ID) VALUES (4,4);
INSERT INTO TEAM_MEMBER (TEAM_ID, PARTICIPANT_ID) VALUES (5,5);
INSERT INTO TEAM_MEMBER (TEAM_ID, PARTICIPANT_ID) VALUES (6,6);
INSERT INTO TEAM_MEMBER (TEAM_ID, PARTICIPANT_ID) VALUES (7,7);
INSERT INTO TEAM_MEMBER (TEAM_ID, PARTICIPANT_ID) VALUES (8,8);
INSERT INTO TEAM_MEMBER (TEAM_ID, PARTICIPANT_ID) VALUES (9,9);
INSERT INTO TEAM_MEMBER (TEAM_ID, PARTICIPANT_ID) VALUES (10,10);
INSERT INTO TEAM_MEMBER (TEAM_ID, PARTICIPANT_ID) VALUES (10,11);
INSERT INTO TEAM_MEMBER (TEAM_ID, PARTICIPANT_ID) VALUES (10,12);
INSERT INTO TEAM_MEMBER (TEAM_ID, PARTICIPANT_ID) VALUES (10,13);
INSERT INTO TEAM_MEMBER (TEAM_ID, PARTICIPANT_ID) VALUES (10,14);
INSERT INTO TEAM_MEMBER (TEAM_ID, PARTICIPANT_ID) VALUES (10,15);
INSERT INTO TEAM_MEMBER (TEAM_ID, PARTICIPANT_ID) VALUES (10,16);
INSERT INTO TEAM_MEMBER (TEAM_ID, PARTICIPANT_ID) VALUES (10,17);
INSERT INTO TEAM_MEMBER (TEAM_ID, PARTICIPANT_ID) VALUES (10,18);
INSERT INTO TEAM_MEMBER (TEAM_ID, PARTICIPANT_ID) VALUES (10,19);
INSERT INTO TEAM_MEMBER (TEAM_ID, PARTICIPANT_ID) VALUES (10,20);
INSERT INTO TEAM_MEMBER (TEAM_ID, PARTICIPANT_ID) VALUES (10,21);
INSERT INTO TEAM_MEMBER (TEAM_ID, PARTICIPANT_ID) VALUES (11,22);
INSERT INTO TEAM_MEMBER (TEAM_ID, PARTICIPANT_ID) VALUES (11,23);
INSERT INTO TEAM_MEMBER (TEAM_ID, PARTICIPANT_ID) VALUES (11,24);
INSERT INTO TEAM_MEMBER (TEAM_ID, PARTICIPANT_ID) VALUES (11,25);
INSERT INTO TEAM_MEMBER (TEAM_ID, PARTICIPANT_ID) VALUES (11,26);
INSERT INTO TEAM_MEMBER (TEAM_ID, PARTICIPANT_ID) VALUES (11,27);
INSERT INTO TEAM_MEMBER (TEAM_ID, PARTICIPANT_ID) VALUES (11,28);
INSERT INTO TEAM_MEMBER (TEAM_ID, PARTICIPANT_ID) VALUES (11,29);
INSERT INTO TEAM_MEMBER (TEAM_ID, PARTICIPANT_ID) VALUES (11,30);
INSERT INTO TEAM_MEMBER (TEAM_ID, PARTICIPANT_ID) VALUES (11,31);
INSERT INTO TEAM_MEMBER (TEAM_ID, PARTICIPANT_ID) VALUES (11,32);
INSERT INTO TEAM_MEMBER (TEAM_ID, PARTICIPANT_ID) VALUES (11,33);
INSERT INTO TEAM_MEMBER (TEAM_ID, PARTICIPANT_ID) VALUES (12,34);
INSERT INTO TEAM_MEMBER (TEAM_ID, PARTICIPANT_ID) VALUES (12,35);
INSERT INTO TEAM_MEMBER (TEAM_ID, PARTICIPANT_ID) VALUES (12,36);
INSERT INTO TEAM_MEMBER (TEAM_ID, PARTICIPANT_ID) VALUES (12,37);
INSERT INTO TEAM_MEMBER (TEAM_ID, PARTICIPANT_ID) VALUES (12,38);
INSERT INTO TEAM_MEMBER (TEAM_ID, PARTICIPANT_ID) VALUES (12,39);
INSERT INTO TEAM_MEMBER (TEAM_ID, PARTICIPANT_ID) VALUES (12,40);
INSERT INTO TEAM_MEMBER (TEAM_ID, PARTICIPANT_ID) VALUES (12,41);
INSERT INTO TEAM_MEMBER (TEAM_ID, PARTICIPANT_ID) VALUES (12,42);
INSERT INTO TEAM_MEMBER (TEAM_ID, PARTICIPANT_ID) VALUES (12,43);
INSERT INTO TEAM_MEMBER (TEAM_ID, PARTICIPANT_ID) VALUES (12,44);
INSERT INTO TEAM_MEMBER (TEAM_ID, PARTICIPANT_ID) VALUES (12,45);
INSERT INTO TEAM_MEMBER (TEAM_ID, PARTICIPANT_ID) VALUES (13,46);
INSERT INTO TEAM_MEMBER (TEAM_ID, PARTICIPANT_ID) VALUES (13,47);
INSERT INTO TEAM_MEMBER (TEAM_ID, PARTICIPANT_ID) VALUES (14,48);
INSERT INTO TEAM_MEMBER (TEAM_ID, PARTICIPANT_ID) VALUES (14,49);
INSERT INTO TEAM_MEMBER (TEAM_ID, PARTICIPANT_ID) VALUES (15,50);
INSERT INTO TEAM_MEMBER (TEAM_ID, PARTICIPANT_ID) VALUES (15,51);
INSERT INTO TEAM_MEMBER (TEAM_ID, PARTICIPANT_ID) VALUES (16,52);
INSERT INTO TEAM_MEMBER (TEAM_ID, PARTICIPANT_ID) VALUES (16,53);
INSERT INTO TEAM_MEMBER (TEAM_ID, PARTICIPANT_ID) VALUES (16,54);
INSERT INTO TEAM_MEMBER (TEAM_ID, PARTICIPANT_ID) VALUES (17,55);
INSERT INTO TEAM_MEMBER (TEAM_ID, PARTICIPANT_ID) VALUES (17,56);
INSERT INTO TEAM_MEMBER (TEAM_ID, PARTICIPANT_ID) VALUES (17,57);
INSERT INTO TEAM_MEMBER (TEAM_ID, PARTICIPANT_ID) VALUES (18,58);
INSERT INTO TEAM_MEMBER (TEAM_ID, PARTICIPANT_ID) VALUES (18,59);
INSERT INTO TEAM_MEMBER (TEAM_ID, PARTICIPANT_ID) VALUES (18,60);
COMMIT;

INSERT INTO VENUE (VENUE_ID, OLYMPIC_ID, VENUE_NAME, CAPACITY) VALUES (VENUE_ID_SEQ.NEXTVAL, 1, 'Rio Table Tennis Arena', 2);
INSERT INTO VENUE (VENUE_ID, OLYMPIC_ID, VENUE_NAME, CAPACITY) VALUES (VENUE_ID_SEQ.NEXTVAL, 1, 'Rio Archery Arena', 1);
INSERT INTO VENUE (VENUE_ID, OLYMPIC_ID, VENUE_NAME, CAPACITY) VALUES (VENUE_ID_SEQ.NEXTVAL, 1, 'Rio Golf Course', 1);
INSERT INTO VENUE (VENUE_ID, OLYMPIC_ID, VENUE_NAME, CAPACITY) VALUES (VENUE_ID_SEQ.NEXTVAL, 1, 'Rio Basketball Arena', 1);
INSERT INTO VENUE (VENUE_ID, OLYMPIC_ID, VENUE_NAME, CAPACITY) VALUES (VENUE_ID_SEQ.NEXTVAL, 1, 'Rio Tennis Court', 1);
COMMIT;

INSERT INTO EVENT (EVENT_ID, SPORT_ID, VENUE_ID, GENDER, EVENT_TIME) VALUES (EVENT_ID_SEQ.NEXTVAL, 4, 1, 'M', '06-Aug-2016');
INSERT INTO EVENT (EVENT_ID, SPORT_ID, VENUE_ID, GENDER, EVENT_TIME) VALUES (EVENT_ID_SEQ.NEXTVAL, 5, 2, 'F', '06-Aug-2016');
INSERT INTO EVENT (EVENT_ID, SPORT_ID, VENUE_ID, GENDER, EVENT_TIME) VALUES (EVENT_ID_SEQ.NEXTVAL, 6, 3, 'M', '11-Aug-2016');
INSERT INTO EVENT (EVENT_ID, SPORT_ID, VENUE_ID, GENDER, EVENT_TIME) VALUES (EVENT_ID_SEQ.NEXTVAL, 1, 4, 'M', '06-Aug-2016');
INSERT INTO EVENT (EVENT_ID, SPORT_ID, VENUE_ID, GENDER, EVENT_TIME) VALUES (EVENT_ID_SEQ.NEXTVAL, 2, 5, 'M', '06-Aug-2016');
INSERT INTO EVENT (EVENT_ID, SPORT_ID, VENUE_ID, GENDER, EVENT_TIME) VALUES (EVENT_ID_SEQ.NEXTVAL, 3, 1, 'F', '06-Aug-2016');
COMMIT;

INSERT INTO EVENT_PARTICIPATION (EVENT_ID, TEAM_ID, STATUS) VALUES (1,1,'e');
INSERT INTO EVENT_PARTICIPATION (EVENT_ID, TEAM_ID, STATUS) VALUES (1,2,'e');
INSERT INTO EVENT_PARTICIPATION (EVENT_ID, TEAM_ID, STATUS) VALUES (1,3,'e');
INSERT INTO EVENT_PARTICIPATION (EVENT_ID, TEAM_ID, STATUS) VALUES (2,4,'e');
INSERT INTO EVENT_PARTICIPATION (EVENT_ID, TEAM_ID, STATUS) VALUES (2,5,'e');
INSERT INTO EVENT_PARTICIPATION (EVENT_ID, TEAM_ID, STATUS) VALUES (2,6,'e');
INSERT INTO EVENT_PARTICIPATION (EVENT_ID, TEAM_ID, STATUS) VALUES (3,7,'e');
INSERT INTO EVENT_PARTICIPATION (EVENT_ID, TEAM_ID, STATUS) VALUES (3,8,'e');
INSERT INTO EVENT_PARTICIPATION (EVENT_ID, TEAM_ID, STATUS) VALUES (3,9,'e');
INSERT INTO EVENT_PARTICIPATION (EVENT_ID, TEAM_ID, STATUS) VALUES (4,10,'e');
INSERT INTO EVENT_PARTICIPATION (EVENT_ID, TEAM_ID, STATUS) VALUES (4,11,'e');
INSERT INTO EVENT_PARTICIPATION (EVENT_ID, TEAM_ID, STATUS) VALUES (4,12,'e');
INSERT INTO EVENT_PARTICIPATION (EVENT_ID, TEAM_ID, STATUS) VALUES (5,13,'e');
INSERT INTO EVENT_PARTICIPATION (EVENT_ID, TEAM_ID, STATUS) VALUES (5,14,'e');
INSERT INTO EVENT_PARTICIPATION (EVENT_ID, TEAM_ID, STATUS) VALUES (5,15,'e');
INSERT INTO EVENT_PARTICIPATION (EVENT_ID, TEAM_ID, STATUS) VALUES (6,16,'e');
INSERT INTO EVENT_PARTICIPATION (EVENT_ID, TEAM_ID, STATUS) VALUES (6,17,'e');
INSERT INTO EVENT_PARTICIPATION (EVENT_ID, TEAM_ID, STATUS) VALUES (6,18,'e');
COMMIT;

INSERT INTO SCOREBOARD (OLYMPIC_ID, EVENT_ID, TEAM_ID, PARTICIPANT_ID, POSITION, MEDAL_ID) VALUES (1, 1, 1, 1, 1, 1);
INSERT INTO SCOREBOARD (OLYMPIC_ID, EVENT_ID, TEAM_ID, PARTICIPANT_ID, POSITION, MEDAL_ID) VALUES (1, 1, 2, 2, 2, 2);
INSERT INTO SCOREBOARD (OLYMPIC_ID, EVENT_ID, TEAM_ID, PARTICIPANT_ID, POSITION, MEDAL_ID) VALUES (1, 1, 3, 3, 3, 3);
INSERT INTO SCOREBOARD (OLYMPIC_ID, EVENT_ID, TEAM_ID, PARTICIPANT_ID, POSITION, MEDAL_ID) VALUES (1, 2, 4, 4, 1, 1);
INSERT INTO SCOREBOARD (OLYMPIC_ID, EVENT_ID, TEAM_ID, PARTICIPANT_ID, POSITION, MEDAL_ID) VALUES (1, 2, 5, 5, 2, 2);
INSERT INTO SCOREBOARD (OLYMPIC_ID, EVENT_ID, TEAM_ID, PARTICIPANT_ID, POSITION, MEDAL_ID) VALUES (1, 2, 6, 6, 3, 3);
INSERT INTO SCOREBOARD (OLYMPIC_ID, EVENT_ID, TEAM_ID, PARTICIPANT_ID, POSITION, MEDAL_ID) VALUES (1, 3, 7, 7, 1, 1);
INSERT INTO SCOREBOARD (OLYMPIC_ID, EVENT_ID, TEAM_ID, PARTICIPANT_ID, POSITION, MEDAL_ID) VALUES (1, 3, 8, 8, 2, 2);
INSERT INTO SCOREBOARD (OLYMPIC_ID, EVENT_ID, TEAM_ID, PARTICIPANT_ID, POSITION, MEDAL_ID) VALUES (1, 3, 9, 9, 3, 3);
INSERT INTO SCOREBOARD (OLYMPIC_ID, EVENT_ID, TEAM_ID, PARTICIPANT_ID, POSITION, MEDAL_ID) VALUES (1, 4, 10, 10, 1, 1);
INSERT INTO SCOREBOARD (OLYMPIC_ID, EVENT_ID, TEAM_ID, PARTICIPANT_ID, POSITION, MEDAL_ID) VALUES (1, 4, 10, 11, 1, 1);
INSERT INTO SCOREBOARD (OLYMPIC_ID, EVENT_ID, TEAM_ID, PARTICIPANT_ID, POSITION, MEDAL_ID) VALUES (1, 4, 10, 12, 1, 1);
INSERT INTO SCOREBOARD (OLYMPIC_ID, EVENT_ID, TEAM_ID, PARTICIPANT_ID, POSITION, MEDAL_ID) VALUES (1, 4, 10, 13, 1, 1);
INSERT INTO SCOREBOARD (OLYMPIC_ID, EVENT_ID, TEAM_ID, PARTICIPANT_ID, POSITION, MEDAL_ID) VALUES (1, 4, 10, 14, 1, 1);
INSERT INTO SCOREBOARD (OLYMPIC_ID, EVENT_ID, TEAM_ID, PARTICIPANT_ID, POSITION, MEDAL_ID) VALUES (1, 4, 10, 15, 1, 1);
INSERT INTO SCOREBOARD (OLYMPIC_ID, EVENT_ID, TEAM_ID, PARTICIPANT_ID, POSITION, MEDAL_ID) VALUES (1, 4, 10, 16, 1, 1);
INSERT INTO SCOREBOARD (OLYMPIC_ID, EVENT_ID, TEAM_ID, PARTICIPANT_ID, POSITION, MEDAL_ID) VALUES (1, 4, 10, 17, 1, 1);
INSERT INTO SCOREBOARD (OLYMPIC_ID, EVENT_ID, TEAM_ID, PARTICIPANT_ID, POSITION, MEDAL_ID) VALUES (1, 4, 10, 18, 1, 1);
INSERT INTO SCOREBOARD (OLYMPIC_ID, EVENT_ID, TEAM_ID, PARTICIPANT_ID, POSITION, MEDAL_ID) VALUES (1, 4, 10, 19, 1, 1);
INSERT INTO SCOREBOARD (OLYMPIC_ID, EVENT_ID, TEAM_ID, PARTICIPANT_ID, POSITION, MEDAL_ID) VALUES (1, 4, 10, 20, 1, 1);
INSERT INTO SCOREBOARD (OLYMPIC_ID, EVENT_ID, TEAM_ID, PARTICIPANT_ID, POSITION, MEDAL_ID) VALUES (1, 4, 10, 21, 1, 1);
INSERT INTO SCOREBOARD (OLYMPIC_ID, EVENT_ID, TEAM_ID, PARTICIPANT_ID, POSITION, MEDAL_ID) VALUES (1, 4, 11, 22, 2, 2);
INSERT INTO SCOREBOARD (OLYMPIC_ID, EVENT_ID, TEAM_ID, PARTICIPANT_ID, POSITION, MEDAL_ID) VALUES (1, 4, 11, 23, 2, 2);
INSERT INTO SCOREBOARD (OLYMPIC_ID, EVENT_ID, TEAM_ID, PARTICIPANT_ID, POSITION, MEDAL_ID) VALUES (1, 4, 11, 24, 2, 2);
INSERT INTO SCOREBOARD (OLYMPIC_ID, EVENT_ID, TEAM_ID, PARTICIPANT_ID, POSITION, MEDAL_ID) VALUES (1, 4, 11, 25, 2, 2);
INSERT INTO SCOREBOARD (OLYMPIC_ID, EVENT_ID, TEAM_ID, PARTICIPANT_ID, POSITION, MEDAL_ID) VALUES (1, 4, 11, 26, 2, 2);
INSERT INTO SCOREBOARD (OLYMPIC_ID, EVENT_ID, TEAM_ID, PARTICIPANT_ID, POSITION, MEDAL_ID) VALUES (1, 4, 11, 27, 2, 2);
INSERT INTO SCOREBOARD (OLYMPIC_ID, EVENT_ID, TEAM_ID, PARTICIPANT_ID, POSITION, MEDAL_ID) VALUES (1, 4, 11, 28, 2, 2);
INSERT INTO SCOREBOARD (OLYMPIC_ID, EVENT_ID, TEAM_ID, PARTICIPANT_ID, POSITION, MEDAL_ID) VALUES (1, 4, 11, 29, 2, 2);
INSERT INTO SCOREBOARD (OLYMPIC_ID, EVENT_ID, TEAM_ID, PARTICIPANT_ID, POSITION, MEDAL_ID) VALUES (1, 4, 11, 30, 2, 2);
INSERT INTO SCOREBOARD (OLYMPIC_ID, EVENT_ID, TEAM_ID, PARTICIPANT_ID, POSITION, MEDAL_ID) VALUES (1, 4, 11, 31, 2, 2);
INSERT INTO SCOREBOARD (OLYMPIC_ID, EVENT_ID, TEAM_ID, PARTICIPANT_ID, POSITION, MEDAL_ID) VALUES (1, 4, 11, 32, 2, 2);
INSERT INTO SCOREBOARD (OLYMPIC_ID, EVENT_ID, TEAM_ID, PARTICIPANT_ID, POSITION, MEDAL_ID) VALUES (1, 4, 11, 33, 2, 2);
INSERT INTO SCOREBOARD (OLYMPIC_ID, EVENT_ID, TEAM_ID, PARTICIPANT_ID, POSITION, MEDAL_ID) VALUES (1, 4, 12, 34, 3, 3);
INSERT INTO SCOREBOARD (OLYMPIC_ID, EVENT_ID, TEAM_ID, PARTICIPANT_ID, POSITION, MEDAL_ID) VALUES (1, 4, 12, 35, 3, 3);
INSERT INTO SCOREBOARD (OLYMPIC_ID, EVENT_ID, TEAM_ID, PARTICIPANT_ID, POSITION, MEDAL_ID) VALUES (1, 4, 12, 36, 3, 3);
INSERT INTO SCOREBOARD (OLYMPIC_ID, EVENT_ID, TEAM_ID, PARTICIPANT_ID, POSITION, MEDAL_ID) VALUES (1, 4, 12, 37, 3, 3);
INSERT INTO SCOREBOARD (OLYMPIC_ID, EVENT_ID, TEAM_ID, PARTICIPANT_ID, POSITION, MEDAL_ID) VALUES (1, 4, 12, 38, 3, 3);
INSERT INTO SCOREBOARD (OLYMPIC_ID, EVENT_ID, TEAM_ID, PARTICIPANT_ID, POSITION, MEDAL_ID) VALUES (1, 4, 12, 39, 3, 3);
INSERT INTO SCOREBOARD (OLYMPIC_ID, EVENT_ID, TEAM_ID, PARTICIPANT_ID, POSITION, MEDAL_ID) VALUES (1, 4, 12, 40, 3, 3);
INSERT INTO SCOREBOARD (OLYMPIC_ID, EVENT_ID, TEAM_ID, PARTICIPANT_ID, POSITION, MEDAL_ID) VALUES (1, 4, 12, 41, 3, 3);
INSERT INTO SCOREBOARD (OLYMPIC_ID, EVENT_ID, TEAM_ID, PARTICIPANT_ID, POSITION, MEDAL_ID) VALUES (1, 4, 12, 42, 3, 3);
INSERT INTO SCOREBOARD (OLYMPIC_ID, EVENT_ID, TEAM_ID, PARTICIPANT_ID, POSITION, MEDAL_ID) VALUES (1, 4, 12, 43, 3, 3);
INSERT INTO SCOREBOARD (OLYMPIC_ID, EVENT_ID, TEAM_ID, PARTICIPANT_ID, POSITION, MEDAL_ID) VALUES (1, 4, 12, 44, 3, 3);
INSERT INTO SCOREBOARD (OLYMPIC_ID, EVENT_ID, TEAM_ID, PARTICIPANT_ID, POSITION, MEDAL_ID) VALUES (1, 4, 12, 45, 3, 3);
INSERT INTO SCOREBOARD (OLYMPIC_ID, EVENT_ID, TEAM_ID, PARTICIPANT_ID, POSITION, MEDAL_ID) VALUES (1, 5, 13, 46, 1, 1);
INSERT INTO SCOREBOARD (OLYMPIC_ID, EVENT_ID, TEAM_ID, PARTICIPANT_ID, POSITION, MEDAL_ID) VALUES (1, 5, 13, 47, 1, 1);
INSERT INTO SCOREBOARD (OLYMPIC_ID, EVENT_ID, TEAM_ID, PARTICIPANT_ID, POSITION, MEDAL_ID) VALUES (1, 5, 14, 48, 2, 2);
INSERT INTO SCOREBOARD (OLYMPIC_ID, EVENT_ID, TEAM_ID, PARTICIPANT_ID, POSITION, MEDAL_ID) VALUES (1, 5, 14, 49, 2, 2);
INSERT INTO SCOREBOARD (OLYMPIC_ID, EVENT_ID, TEAM_ID, PARTICIPANT_ID, POSITION, MEDAL_ID) VALUES (1, 5, 15, 50, 3, 3);
INSERT INTO SCOREBOARD (OLYMPIC_ID, EVENT_ID, TEAM_ID, PARTICIPANT_ID, POSITION, MEDAL_ID) VALUES (1, 5, 15, 51, 3, 3);
INSERT INTO SCOREBOARD (OLYMPIC_ID, EVENT_ID, TEAM_ID, PARTICIPANT_ID, POSITION, MEDAL_ID) VALUES (1, 6, 16, 52, 1, 1);
INSERT INTO SCOREBOARD (OLYMPIC_ID, EVENT_ID, TEAM_ID, PARTICIPANT_ID, POSITION, MEDAL_ID) VALUES (1, 6, 16, 53, 1, 1);
INSERT INTO SCOREBOARD (OLYMPIC_ID, EVENT_ID, TEAM_ID, PARTICIPANT_ID, POSITION, MEDAL_ID) VALUES (1, 6, 16, 54, 1, 1);
INSERT INTO SCOREBOARD (OLYMPIC_ID, EVENT_ID, TEAM_ID, PARTICIPANT_ID, POSITION, MEDAL_ID) VALUES (1, 6, 17, 55, 2, 2);
INSERT INTO SCOREBOARD (OLYMPIC_ID, EVENT_ID, TEAM_ID, PARTICIPANT_ID, POSITION, MEDAL_ID) VALUES (1, 6, 17, 56, 2, 2);
INSERT INTO SCOREBOARD (OLYMPIC_ID, EVENT_ID, TEAM_ID, PARTICIPANT_ID, POSITION, MEDAL_ID) VALUES (1, 6, 17, 57, 2, 2);
INSERT INTO SCOREBOARD (OLYMPIC_ID, EVENT_ID, TEAM_ID, PARTICIPANT_ID, POSITION, MEDAL_ID) VALUES (1, 6, 18, 58, 3, 3);
INSERT INTO SCOREBOARD (OLYMPIC_ID, EVENT_ID, TEAM_ID, PARTICIPANT_ID, POSITION, MEDAL_ID) VALUES (1, 6, 18, 59, 3, 3);
INSERT INTO SCOREBOARD (OLYMPIC_ID, EVENT_ID, TEAM_ID, PARTICIPANT_ID, POSITION, MEDAL_ID) VALUES (1, 6, 18, 60, 3, 3);
COMMIT;


--Inserting 2012 Data

INSERT INTO COUNTRY (COUNTRY_ID, COUNTRY, COUNTRY_CODE) VALUES (12,'Russian Federation','RUS');
COMMIT;

INSERT INTO USER_ACCOUNT (USER_ID, USERNAME, PASSKEY, ROLE_ID, LAST_LOGIN) VALUES (USER_ID_SEQ.NEXTVAL,'Dimitri Petrovochli','GUEST', 3,'27-Jul-2012');
INSERT INTO USER_ACCOUNT (USER_ID, USERNAME, PASSKEY, ROLE_ID, LAST_LOGIN) VALUES (USER_ID_SEQ.NEXTVAL,'Salvandro Respaturi','GUEST', 3,'27-Jul-2012');
INSERT INTO USER_ACCOUNT (USER_ID, USERNAME, PASSKEY, ROLE_ID, LAST_LOGIN) VALUES (USER_ID_SEQ.NEXTVAL,'Markandro Resvtri','MR', 2,'27-Jul-2012');
COMMIT;

INSERT INTO PARTICIPANT (PARTICIPANT_ID, FNAME, LNAME, NATIONALITY, BIRTH_PLACE, DOB) VALUES (PARTICIPANT_ID_SEQ.NEXTVAL,'Dimitri','Petrovochli' , 'Russian Federation' , 'Russian Federation' , '01-Jan-1980');
INSERT INTO PARTICIPANT (PARTICIPANT_ID, FNAME, LNAME, NATIONALITY, BIRTH_PLACE, DOB) VALUES (PARTICIPANT_ID_SEQ.NEXTVAL,'Salvandro','Respaturi' , 'Russian Federation' , 'Russian Federation' , '01-Jan-1980');
INSERT INTO PARTICIPANT (PARTICIPANT_ID, FNAME, LNAME, NATIONALITY, BIRTH_PLACE, DOB) VALUES (PARTICIPANT_ID_SEQ.NEXTVAL,'Markandro','Resvtri' , 'Russian Federation' , 'Russian Federation' , '01-Jan-1980');
COMMIT;


INSERT INTO TEAM (TEAM_ID, OLYMPIC_ID, TEAM_NAME, COUNTRY_ID, SPORT_ID, COACH_ID) VALUES (TEAM_ID_SEQ.NEXTVAL, 2, 'Russian Tennis Doubles Men', 12, 2, 83);
INSERT INTO TEAM (TEAM_ID, OLYMPIC_ID, TEAM_NAME, COUNTRY_ID, SPORT_ID, COACH_ID) VALUES (TEAM_ID_SEQ.NEXTVAL, 2, 'Spain Tennis Doubles Men', 9, 2, 75);
INSERT INTO TEAM (TEAM_ID, OLYMPIC_ID, TEAM_NAME, COUNTRY_ID, SPORT_ID, COACH_ID) VALUES (TEAM_ID_SEQ.NEXTVAL, 2, 'Japan Tennis Doubles Men', 11, 2, 80);
INSERT INTO TEAM (TEAM_ID, OLYMPIC_ID, TEAM_NAME, COUNTRY_ID, SPORT_ID, COACH_ID) VALUES (TEAM_ID_SEQ.NEXTVAL, 2, 'China Table Tennis Singles Men - Ma', 1, 4, 65);
INSERT INTO TEAM (TEAM_ID, OLYMPIC_ID, TEAM_NAME, COUNTRY_ID, SPORT_ID, COACH_ID) VALUES (TEAM_ID_SEQ.NEXTVAL, 2, 'China Table Tennis Singles Men - Zhang', 1, 4, 65);
INSERT INTO TEAM (TEAM_ID, OLYMPIC_ID, TEAM_NAME, COUNTRY_ID, SPORT_ID, COACH_ID) VALUES (TEAM_ID_SEQ.NEXTVAL, 2, 'Belarus Table Tennis Singles Men - Samsonov', 2, 4, 66);
INSERT INTO TEAM (TEAM_ID, OLYMPIC_ID, TEAM_NAME, COUNTRY_ID, SPORT_ID, COACH_ID) VALUES (TEAM_ID_SEQ.NEXTVAL, 2, 'China Table Tennis Team Women', 1, 3, 78);
INSERT INTO TEAM (TEAM_ID, OLYMPIC_ID, TEAM_NAME, COUNTRY_ID, SPORT_ID, COACH_ID) VALUES (TEAM_ID_SEQ.NEXTVAL, 2, 'Germany Table Tennis Team Women', 4, 3, 79);
INSERT INTO TEAM (TEAM_ID, OLYMPIC_ID, TEAM_NAME, COUNTRY_ID, SPORT_ID, COACH_ID) VALUES (TEAM_ID_SEQ.NEXTVAL, 2, 'Japan Table Tennis Team Women', 11, 3, 80);
COMMIT;

INSERT INTO TEAM_MEMBER (TEAM_ID, PARTICIPANT_ID) VALUES (19,77);
INSERT INTO TEAM_MEMBER (TEAM_ID, PARTICIPANT_ID) VALUES (19,78);
INSERT INTO TEAM_MEMBER (TEAM_ID, PARTICIPANT_ID) VALUES (20,46);
INSERT INTO TEAM_MEMBER (TEAM_ID, PARTICIPANT_ID) VALUES (20,45);
INSERT INTO TEAM_MEMBER (TEAM_ID, PARTICIPANT_ID) VALUES (21,59);
INSERT INTO TEAM_MEMBER (TEAM_ID, PARTICIPANT_ID) VALUES (21,60);
INSERT INTO TEAM_MEMBER (TEAM_ID, PARTICIPANT_ID) VALUES (22,1);
INSERT INTO TEAM_MEMBER (TEAM_ID, PARTICIPANT_ID) VALUES (23,2);
INSERT INTO TEAM_MEMBER (TEAM_ID, PARTICIPANT_ID) VALUES (24,3);
INSERT INTO TEAM_MEMBER (TEAM_ID, PARTICIPANT_ID) VALUES (25,52);
INSERT INTO TEAM_MEMBER (TEAM_ID, PARTICIPANT_ID) VALUES (25,53);
INSERT INTO TEAM_MEMBER (TEAM_ID, PARTICIPANT_ID) VALUES (25,54);
INSERT INTO TEAM_MEMBER (TEAM_ID, PARTICIPANT_ID) VALUES (26,55);
INSERT INTO TEAM_MEMBER (TEAM_ID, PARTICIPANT_ID) VALUES (26,56);
INSERT INTO TEAM_MEMBER (TEAM_ID, PARTICIPANT_ID) VALUES (26,57);
INSERT INTO TEAM_MEMBER (TEAM_ID, PARTICIPANT_ID) VALUES (27,58);
INSERT INTO TEAM_MEMBER (TEAM_ID, PARTICIPANT_ID) VALUES (27,59);
INSERT INTO TEAM_MEMBER (TEAM_ID, PARTICIPANT_ID) VALUES (27,60);
COMMIT;

INSERT INTO VENUE (VENUE_ID, OLYMPIC_ID, VENUE_NAME, CAPACITY) VALUES (VENUE_ID_SEQ.NEXTVAL, 2, 'London Tennis Court', 1);
INSERT INTO VENUE (VENUE_ID, OLYMPIC_ID, VENUE_NAME, CAPACITY) VALUES (VENUE_ID_SEQ.NEXTVAL, 2, 'London Table Tennis Arena', 3);
COMMIT;

INSERT INTO EVENT (EVENT_ID, SPORT_ID, VENUE_ID, GENDER, EVENT_TIME) VALUES (EVENT_ID_SEQ.NEXTVAL, 2, 6, 'M', '27-Jul-2012');
INSERT INTO EVENT (EVENT_ID, SPORT_ID, VENUE_ID, GENDER, EVENT_TIME) VALUES (EVENT_ID_SEQ.NEXTVAL, 4, 7, 'M', '27-Jul-2012');
INSERT INTO EVENT (EVENT_ID, SPORT_ID, VENUE_ID, GENDER, EVENT_TIME) VALUES (EVENT_ID_SEQ.NEXTVAL, 3, 7, 'F', '27-Jul-2012');
COMMIT;

INSERT INTO EVENT_PARTICIPATION (EVENT_ID, TEAM_ID, STATUS) VALUES (6,19,'e');
INSERT INTO EVENT_PARTICIPATION (EVENT_ID, TEAM_ID, STATUS) VALUES (6,20,'e');
INSERT INTO EVENT_PARTICIPATION (EVENT_ID, TEAM_ID, STATUS) VALUES (6,21,'e');
INSERT INTO EVENT_PARTICIPATION (EVENT_ID, TEAM_ID, STATUS) VALUES (7,22,'e');
INSERT INTO EVENT_PARTICIPATION (EVENT_ID, TEAM_ID, STATUS) VALUES (7,23,'e');
INSERT INTO EVENT_PARTICIPATION (EVENT_ID, TEAM_ID, STATUS) VALUES (7,24,'e');
INSERT INTO EVENT_PARTICIPATION (EVENT_ID, TEAM_ID, STATUS) VALUES (8,25,'e');
INSERT INTO EVENT_PARTICIPATION (EVENT_ID, TEAM_ID, STATUS) VALUES (8,26,'e');
INSERT INTO EVENT_PARTICIPATION (EVENT_ID, TEAM_ID, STATUS) VALUES (8,27,'e');
COMMIT;

INSERT INTO SCOREBOARD (OLYMPIC_ID, EVENT_ID, TEAM_ID, PARTICIPANT_ID, POSITION, MEDAL_ID) VALUES (2, 7, 19, 77, 2, 2);
INSERT INTO SCOREBOARD (OLYMPIC_ID, EVENT_ID, TEAM_ID, PARTICIPANT_ID, POSITION, MEDAL_ID) VALUES (2, 7, 19, 78, 2, 2);
INSERT INTO SCOREBOARD (OLYMPIC_ID, EVENT_ID, TEAM_ID, PARTICIPANT_ID, POSITION, MEDAL_ID) VALUES (2, 7, 20, 46, 1, 1);
INSERT INTO SCOREBOARD (OLYMPIC_ID, EVENT_ID, TEAM_ID, PARTICIPANT_ID, POSITION, MEDAL_ID) VALUES (2, 7, 20, 45, 1, 1);
INSERT INTO SCOREBOARD (OLYMPIC_ID, EVENT_ID, TEAM_ID, PARTICIPANT_ID, POSITION, MEDAL_ID) VALUES (2, 7, 21, 59, 3, 3);
INSERT INTO SCOREBOARD (OLYMPIC_ID, EVENT_ID, TEAM_ID, PARTICIPANT_ID, POSITION, MEDAL_ID) VALUES (2, 7, 21, 60, 3, 3);
INSERT INTO SCOREBOARD (OLYMPIC_ID, EVENT_ID, TEAM_ID, PARTICIPANT_ID, POSITION, MEDAL_ID) VALUES (2, 8, 22, 1, 3, 3);
INSERT INTO SCOREBOARD (OLYMPIC_ID, EVENT_ID, TEAM_ID, PARTICIPANT_ID, POSITION, MEDAL_ID) VALUES (2, 8, 23, 2, 1, 1);
INSERT INTO SCOREBOARD (OLYMPIC_ID, EVENT_ID, TEAM_ID, PARTICIPANT_ID, POSITION, MEDAL_ID) VALUES (2, 8, 24, 3, 2, 2);
INSERT INTO SCOREBOARD (OLYMPIC_ID, EVENT_ID, TEAM_ID, PARTICIPANT_ID, POSITION, MEDAL_ID) VALUES (2, 9, 25, 52, 2, 2);
INSERT INTO SCOREBOARD (OLYMPIC_ID, EVENT_ID, TEAM_ID, PARTICIPANT_ID, POSITION, MEDAL_ID) VALUES (2, 9, 25, 53, 2, 2);
INSERT INTO SCOREBOARD (OLYMPIC_ID, EVENT_ID, TEAM_ID, PARTICIPANT_ID, POSITION, MEDAL_ID) VALUES (2, 9, 25, 54, 2, 2);
INSERT INTO SCOREBOARD (OLYMPIC_ID, EVENT_ID, TEAM_ID, PARTICIPANT_ID, POSITION, MEDAL_ID) VALUES (2, 9, 26, 55, 3, 3);
INSERT INTO SCOREBOARD (OLYMPIC_ID, EVENT_ID, TEAM_ID, PARTICIPANT_ID, POSITION, MEDAL_ID) VALUES (2, 9, 26, 56, 3, 3);
INSERT INTO SCOREBOARD (OLYMPIC_ID, EVENT_ID, TEAM_ID, PARTICIPANT_ID, POSITION, MEDAL_ID) VALUES (2, 9, 26, 57, 3, 3);
INSERT INTO SCOREBOARD (OLYMPIC_ID, EVENT_ID, TEAM_ID, PARTICIPANT_ID, POSITION, MEDAL_ID) VALUES (2, 9, 27, 58, 1, 1);
INSERT INTO SCOREBOARD (OLYMPIC_ID, EVENT_ID, TEAM_ID, PARTICIPANT_ID, POSITION, MEDAL_ID) VALUES (2, 9, 27, 59, 1, 1);
INSERT INTO SCOREBOARD (OLYMPIC_ID, EVENT_ID, TEAM_ID, PARTICIPANT_ID, POSITION, MEDAL_ID) VALUES (2, 9, 27, 60, 1, 1);
COMMIT;

--Misc for function examples
INSERT INTO VENUE (VENUE_ID, OLYMPIC_ID, VENUE_NAME, CAPACITY) VALUES (VENUE_ID_SEQ.NEXTVAL, 3, 'Beijing Table Tennis Arena', 1);
INSERT INTO EVENT (EVENT_ID, SPORT_ID, VENUE_ID, GENDER, EVENT_TIME) VALUES (EVENT_ID_SEQ.NEXTVAL, 4, 8, 'M', '08-AUG-08');
COMMIT;